category,subcategory,total purchases,refund rate
Shoes,Dress,21,0.108101283352
Shoes,Sneakers,356,0.66333995068
Shoes,Boat,376,0.219969449437
Shirts,Short-sleeve,378,0.720364448149
Shirts,Long-sleeve,100,0.674736950581
Shirts,T-shirt,285,0.44121466415
Pants,Long,105,0.0695093828649
Pants,Short,108,0.167591118357
